id,group,trigger,expected,sources,evidence_fields,state,godot_status
gang.hire,gang,Естественный наём доступного существующего жителя через диалог; назначить допустимую профессию.,Ровно одна запись состава с исходным ID; ежедневный контроллер передаёт владение без дублирования тела. | Недоступный/уже нанятый житель и переполненный состав отклоняются.,assets/maps/city_rebuild_v1/mercenary_core.mjs:64 [53e0ad0e3e53ef62d2856c48e527db412adc7630541ea01c9c903f573da0a95c] | assets/maps/city_rebuild_v1/mercenary_world.js:98 [c211e7f39b678d939337e5df40e7f0df4f369943ed72f029feddc702cfe575c4],actor_id | body_id_before | body_id_after | roster_before | roster_after | profession | daily_owner_before | daily_owner_after,current286_native_not_run,NOT_RUN
gang.move,gang,Игрок идёт обычным input; нанятый боец следует по доступному маршруту.,Тот же body/session/life реально перемещается; блокировка маршрута не выдаётся за успех. | Пара244/252 из истории требует фактического подхода: исходные25.93м вне15м UI.,assets/maps/city_rebuild_v1/mercenary_world.js:40 [c211e7f39b678d939337e5df40e7f0df4f369943ed72f029feddc702cfe575c4] | assets/maps/city_rebuild_v1/mercenary_world.js:420 [c211e7f39b678d939337e5df40e7f0df4f369943ed72f029feddc702cfe575c4],actor_id | body_id_before | body_id_after | position_trace | input_trace | route_result,current286_native_not_run,NOT_RUN
gang.effect,gang,Выдать один приказ intimidate допустимой цели и дождаться реального сближения и завершения работы.,"Работа требует полного3D расстояния<=2м, base duration2.5с с поправкой навыка; один effect через owner. | Смерть/недоступность/защищённая цель не дают эффект. Страх Walk длится60с; v2 history подтверждает60с+8с паники. QA40s policy не является длительностью страха. | Walk approachTimeout40с и blockedTimeout10с; path_timeout проверяется при нахождении вне work range. Работа/страх/таймаут подхода — разные часы; проба не должна смешивать их.",assets/maps/city_rebuild_v1/mercenary_core.mjs:17 [53e0ad0e3e53ef62d2856c48e527db412adc7630541ea01c9c903f573da0a95c] | assets/maps/city_rebuild_v1/mercenary_core.mjs:184 [53e0ad0e3e53ef62d2856c48e527db412adc7630541ea01c9c903f573da0a95c] | world.html:17849 [9f5cc5a1a80db37dbf3136ecab66c4cdba2bd679dbea03aa10800ac16d8a95b5] | assets/maps/city_rebuild_v1/mercenary_core.mjs:45 [53e0ad0e3e53ef62d2856c48e527db412adc7630541ea01c9c903f573da0a95c] | assets/maps/city_rebuild_v1/mercenary_core.mjs:201 [53e0ad0e3e53ef62d2856c48e527db412adc7630541ea01c9c903f573da0a95c],action_id | target_id | distance_trace | skill_level | effect_receipt | effect_count | fear_expiry | negative_results | approach_elapsed | blocked_elapsed | cancel_reason,current286_native_not_run,NOT_RUN
gang.release,gang,Уволить бойца после завершения приказа и наблюдать возврат ежедневной деятельности.,"Роль/команды освобождены, выданное оружие возвращено; исходный житель снова управляется daily owner. | Освобождение не дублирует жителя и не отменяет уже вооружённое/ожидающее подтверждения действие небезопасно.",assets/maps/city_rebuild_v1/mercenary_world.js:128 [c211e7f39b678d939337e5df40e7f0df4f369943ed72f029feddc702cfe575c4] | assets/maps/city_rebuild_v1/mercenary_world.js:578 [c211e7f39b678d939337e5df40e7f0df4f369943ed72f029feddc702cfe575c4] | assets/maps/city_rebuild_v1/mercenary_core.mjs:241 [53e0ad0e3e53ef62d2856c48e527db412adc7630541ea01c9c903f573da0a95c],actor_id | body_id_before | body_id_after | roster_after | inventory_after | daily_recovery_trace,current286_native_not_run,NOT_RUN
c4.place,c4,По текущему утверждённому Godot управлению установить C4 у реальной разрешённой поверхности; отдельно отмена/невалидная поверхность.,"Заряд имеет подтверждённую surface/provider identity и расходуется однократно; отмена не наносит урон. | Walk local имеет3с fuse/max3; Godot release48 hold+remote и позднее усиление — согласованное отличие, не переносить старый fuse обратно.",world.html:37816 [9f5cc5a1a80db37dbf3136ecab66c4cdba2bd679dbea03aa10800ac16d8a95b5] | docs/ai/MIGRATION_CONTINUOUS_BACKLOG_20261003.md:87 [08816b1b103a038f0661389dd25227a9baa1552eb8099a5ea2eaee0593482643],charge_id | surface_id | provider_id | inventory_before | inventory_after | input_trace | cancel_results,current286_source_missing,NOT_RUN
c4.damage,c4,Отойти и взорвать поставленный заряд настоящим игровым управлением; повторить событие.,Реальный урон/обломки/проходимый пролом соответствуют утверждённому усиленному C4. | Повтор не повторяет урон; чужая сцена/authority отклоняется.,world.html:37806 [9f5cc5a1a80db37dbf3136ecab66c4cdba2bd679dbea03aa10800ac16d8a95b5] | docs/ai/CONTINUOUS_MIGRATION_MANDATE_20261003.md:44 [6a45c3572d713ad3ddafe20af1d420424f8b85076f2b039a6816d0c213a4e129],charge_id | event_id | owner_receipts | damage_before | damage_after | replay_result | passage_trace | debris_counts,current286_source_missing,NOT_RUN
c4.navigation_reset,c4,Пройти разрушенный участок NPC/игроком; выполнить поддерживаемый reset и повторить цикл.,Нет невидимых прежних преград и потерянной опоры; reset восстанавливает текущую геометрию и новую generation. | Старые surface/event handles не применяются к новой generation. Current boundary/safe-meta пройти до городского теста.,docs/ai/MIGRATION_CONTINUOUS_BACKLOG_20261003.md:92 [08816b1b103a038f0661389dd25227a9baa1552eb8099a5ea2eaee0593482643] | docs/ai/CONTINUOUS_MIGRATION_MANDATE_20261003.md:11 [6a45c3572d713ad3ddafe20af1d420424f8b85076f2b039a6816d0c213a4e129],geometry_generation_before | geometry_generation_after | collision_trace | route_trace | reset_trace | stale_handle_result,current286_source_missing,NOT_RUN
vehicle.explosion,vehicle,Настоящая стрельба/урон вызывает подтверждённый взрыв текущей машины с пассажирами.,Snapshot физических occupants фиксируется до owner callbacks; один receipt на actor/life. | Повтор взрыва duplicate без повторного урона; неверная car identity/authority отклоняется; reset создаёт новую generation.,assets/maps/city_rebuild_v1/walk_vehicle_explosion_local_authority.mjs:34 [15eb2426b47c8c22fa7ebda3604061db3f1135eb5a64b81e461ce0bf3434b592] | assets/maps/city_rebuild_v1/walk_vehicle_explosion_local_authority.mjs:33 [15eb2426b47c8c22fa7ebda3604061db3f1135eb5a64b81e461ce0bf3434b592],vehicle_id | body_id | shot_id | ammo_before | ammo_after | event_id | occupant_snapshot | owner_receipts | replay_result,v4_integration_receipt_required,NOT_RUN
vehicle.lifecycle,vehicle,Дождаться завершения fire/debris; повторить reset и create/delete циклы с отслеживанием ресурсов.,"Fire после wreckAge>=5 скрыт, повторные idle обновления не меняют меши; активация снова корректна. | Settled+grounded debris не двигаются каждый тик; thermal/active объекты продолжают работу. | Cap10 и pool reuse являются контрактом current v4 из истории, требуют actual source; WeakRef/node IDs подтверждают освобождение.",assets/maps/city_rebuild_v1/vehicle_fire_fx.mjs:82 [4d63f72c7975d13149a7c92dddddb092cd3a950a0d435f4a84ef4860be4ed57d] | assets/maps/city_rebuild_v1/vehicle_crash.mjs:141 [2aa70fad5fb2b4fb486c57da395a0abb3346ada4c3cdec65b1f0db4a1c7251b2] | assets/maps/city_rebuild_v1/vehicle_crash.mjs:149 [2aa70fad5fb2b4fb486c57da395a0abb3346ada4c3cdec65b1f0db4a1c7251b2],vehicle_id | idle_update_counters | resource_ids_per_cycle | weakref_after_free | reset_trace | active_reactivation_trace | pool_counts | thermal_state,v4_source_missing,NOT_RUN
service.shop,services,"Житель естественно получает потребность, идёт в действующий магазин, входит и покупает.","enter/browse/pay/complete/exit идут физически; оплата только на checkout владельца. | Newspaper3, used_watch24, cleaning_kit12; один receipt и +1 item, balance уменьшается ровно наprice. | Прерывание/нехватка денег/недоступный provider не дают покупку; проход мимо не покупка.",assets/maps/city_rebuild_v1/npc_resident_commerce_source.js:105 [561ca0122caf39caca7cd15999dfbebdd2257473a1bdcb6e288b18fd2e526cbe] | assets/maps/city_rebuild_v1/npc_resident_commerce_source.js:117 [561ca0122caf39caca7cd15999dfbebdd2257473a1bdcb6e288b18fd2e526cbe] | assets/maps/city_rebuild_v1/test_npc_actual_shop_visit.mjs:29 [4cd6bf7f5181ae81bce1a949e4351db3cc4da655e9ee64f7bc5c8ec7a49cc493],actor_id | body_id | agenda_trace | route_trace | visit_phase_trace | wallet_before | wallet_after | inventory_before | inventory_after | receipt | negative_results,current286_natural_run_required,NOT_RUN
service.bank,services,"Житель естественно выбирает банковское дело, физически посещает текущий разрешённый банк и выходит.","Сохранены ID жителя/банка, последовательность визита и следующее дело. | Доступный commerce source классифицирует банк отдельно и не выполняет shop checkout. Денежный банковский эффект не считать определённым без current bank owner/receipt.",assets/maps/city_rebuild_v1/npc_resident_commerce_source.js:37 [561ca0122caf39caca7cd15999dfbebdd2257473a1bdcb6e288b18fd2e526cbe] | world.html:10834 [9f5cc5a1a80db37dbf3136ecab66c4cdba2bd679dbea03aa10800ac16d8a95b5],actor_id | bank_id | agenda_trace | route_trace | visit_phase_trace | next_activity | bank_owner_receipt_or_unresolved,bank_transaction_contract_unresolved,NOT_RUN
service.hospital,services,Проверить естественное медицинское назначение и физическую доставку к действующей больнице; отдельно перекрытый путь.,"Депо/прибытие машины не означают лечение; заблокированный пеший путь не завершается таймером. | В source ambulance fixture patient HP1→35 только после доставки к двери; умерший остаётся dead/HP0; смерть водителя прерывает доставку. | Это ambulance source, не доказательство полного daily hospital service current286; оба пути требуют явного различения.",assets/maps/city_rebuild_v1/test_npc_hospital_actual.mjs:100 [80d5a9ea54cb2679bcd721cfeede52b45f47ea11a35ba58a4645fcb186072731] | assets/maps/city_rebuild_v1/test_npc_hospital_actual.mjs:105 [80d5a9ea54cb2679bcd721cfeede52b45f47ea11a35ba58a4645fcb186072731] | world.html:14513 [9f5cc5a1a80db37dbf3136ecab66c4cdba2bd679dbea03aa10800ac16d8a95b5],actor_id | hospital_id | service_kind | route_trace | hp_before | hp_after | blocked_path_result | driver_death_result | dead_patient_result | daily_recovery_trace,daily_hospital_source_required,NOT_RUN
